Workbook

Sheet TERRITORY
A1: COUNTRY CODE | B1: COUNTRY NAME | C1: REGION CODE | D1: REGION (EQUIV.) | E1: REGION NAME | F1: SUB REGION CODE | G1: SUB REGION (EQUIV.) | H1: SUB REGION NAME | I1: TERRITORY CODE | J1: TERRITORY NAME | K1: AREA CODE | L1: AREA NAME | M1: DISTRIBUTEUR
A2: CI1 | B2: Cote d'Ivoire | C2: SOUTHDIV | D2: ABIDJAN | E2: SOUTH DIVISION | F2: SOUTH1 | G2: ABIDJAN 1 | H2: SOUTH 1 REGION | I2: BIN | J2: Bingerville | K2: NVEG | L2: NOUVEAU GOUDRON | M2: =IFERROR(VLOOKUP(J2,'Mapping '!$A:$B,2,FALSE()),"NON ATTRIBUE") -> DYNAMIS
A3: CI1 | B3: Cote d'Ivoire | C3: SOUTHDIV | D3: ABIDJAN | E3: SOUTH DIVISION | F3: SOUTH1 | G3: ABIDJAN 1 | H3: SOUTH 1 REGION | I3: BIN | J3: Bingerville | K3: NVEG | L3: FEH KESSE | M3: =IFERROR(VLOOKUP(J3,'Mapping '!$A:$B,2,FALSE()),"NON ATTRIBUE") -> DYNAMIS
A4: CI1 | B4: Cote d'Ivoire | C4: SOUTHDIV | D4: ABIDJAN | E4: SOUTH DIVISION | F4: SOUTH1 | G4: ABIDJAN 1 | H4: SOUTH 1 REGION | I4: BIN | J4: Bingerville | K4: NVEG | L4: CITE SIR | M4: =IFERROR(VLOOKUP(J4,'Mapping '!$A:$B,2,FALSE()),"NON ATTRIBUE") -> DYNAMIS
A5: CI1 | B5: Cote d'Ivoire | C5: SOUTHDIV | D5: ABIDJAN | E5: SOUTH DIVISION | F5: SOUTH1 | G5: ABIDJAN 1 | H5: SOUTH 1 REGION | I5: BIN | J5: Bingerville | K5: NVEG | L5: AKANDJE | M5: =IFERROR(VLOOKUP(J5,'Mapping '!$A:$B,2,FALSE()),"NON ATTRIBUE") -> DYNAMIS
A6: CI1 | B6: Cote d'Ivoire | C6: SOUTHDIV | D6: ABIDJAN | E6: SOUTH DIVISION | F6: SOUTH1 | G6: ABIDJAN 1 | H6: SOUTH 1 REGION | I6: BIN | J6: Bingerville | K6: NVEG | L6: LAURIER 15 | M6: =IFERROR(VLOOKUP(J6,'Mapping '!$A:$B,2,FALSE()),"NON ATTRIBUE") -> DYNAMIS
A7: CI1 | B7: Cote d'Ivoire | C7: SOUTHDIV | D7: ABIDJAN | E7: SOUTH DIVISION | F7: SOUTH1 | G7: ABIDJAN 1 | H7: SOUTH 1 REGION | I7: BIN | J7: Bingerville | K7: NVEG | L7: SANTE | M7: =IFERROR(VLOOKUP(J7,'Mapping '!$A:$B,2,FALSE()),"NON ATTRIBUE") -> DYNAMIS
A8: CI1 | B8: Cote d'Ivoire | C8: SOUTHDIV | D8: ABIDJAN | E8: SOUTH DIVISION | F8: SOUTH1 | G8: ABIDJAN 1 | H8: SOUTH 1 REGION | I8: BIN | J8: Bingerville | K8: BLAN | L8: BLANCHON | M8: =IFERROR(VLOOKUP(J8,'Mapping '!$A:$B,2,FALSE()),"NON ATTRIBUE") -> DYNAMIS
A9: CI1 | B9: Cote d'Ivoire | C9: SOUTHDIV | D9: ABIDJAN | E9: SOUTH DIVISION | F9: SOUTH1 | G9: ABIDJAN 1 | H9: SOUTH 1 REGION | I9: BIN | J9: Bingerville | K9: BLAN | L9: PALMERAIE BINGERVILLE | M9: =IFERROR(VLOOKUP(J9,'Mapping '!$A:$B,2,FALSE()),"NON ATTRIBUE") -> DYNAMIS
A10: CI1 | B10: Cote d'Ivoire | C10: SOUTHDIV | D10: ABIDJAN | E10: SOUTH DIVISION | F10: SOUTH1 | G10: ABIDJAN 1 | H10: SOUTH 1 REGION | I10: BIN | J10: Bingerville | K10: BLAN | L10: ADJAME BINGERVILLE | M10: =IFERROR(VLOOKUP(J10,'Mapping '!$A:$B,2,FALSE()),"NON ATTRIBUE") -> DYNAMIS
A11: CI1 | B11: Cote d'Ivoire | C11: SOUTHDIV | D11: ABIDJAN | E11: SOUTH DIVISION | F11: SOUTH1 | G11: ABIDJAN 1 | H11: SOUTH 1 REGION | I11: BIN | J11: Bingerville | K11: BLAN | L11: BREGBO | M11: =IFERROR(VLOOKUP(J11,'Mapping '!$A:$B,2,FALSE()),"NON ATTRIBUE") -> DYNAMIS
A12: CI1 | B12: Cote d'Ivoire | C12: SOUTHDIV | D12: ABIDJAN | E12: SOUTH DIVISION | F12: SOUTH1 | G12: ABIDJAN 1 | H12: SOUTH 1 REGION | I12: BIN | J12: Bingerville | K12: BLAN | L12: AKOUAI SANTE | M12: =IFERROR(VLOOKUP(J12,'Mapping '!$A:$B,2,FALSE()),"NON ATTRIBUE") -> DYNAMIS
A13: CI1 | B13: Cote d'Ivoire | C13: SOUTHDIV | D13: ABIDJAN | E13: SOUTH DIVISION | F13: SOUTH1 | G13: ABIDJAN 1 | H13: SOUTH 1 REGION | I13: BIN | J13: Bingerville | K13: BLAN | L13: AMAN | M13: =IFERROR(VLOOKUP(J13,'Mapping '!$A:$B,2,FALSE()),"NON ATTRIBUE") -> DYNAMIS
... A116: CI1 | B116: Cote d'Ivoire | C116: SOUTHDIV | D116: ABIDJAN | E116: SOUTH DIVISION | F116: SOUTH1 | G116: ABIDJAN 1 | H116: SOUTH 1 REGION | I116: KOU | J116: koumassi | K116: PRDM | L116: SOLEIL | M116: =IFERROR(VLOOKUP(J116,'Mapping '!$A:$B,2,FALSE()),"NON ATTRIBUE") -> NOT AVAILABLE
A117: CI1 | B117: Cote d'Ivoire | C117: SOUTHDIV | D117: ABIDJAN | E117: SOUTH DIVISION | F117: SOUTH1 | G117: ABIDJAN 1 | H117: SOUTH 1 REGION | I117: PRB | J117: Port bouet | K117: PRBC | L117: PORT BOUET CENTRE | M117: SDTP
A118: CI1 | B118: Cote d'Ivoire | C118: SOUTHDIV | D118: ABIDJAN | E118: SOUTH DIVISION | F118: SOUTH1 | G118: ABIDJAN 1 | H118: SOUTH 1 REGION | I118: PRB | J118: Port bouet | K118: PRBC | L118: PORT BOUET CENTRE | M118: SDHPA
A119: CI1 | B119: Cote d'Ivoire | C119: SOUTHDIV | D119: ABIDJAN | E119: SOUTH DIVISION | F119: SOUTH1 | G119: ABIDJAN 1 | H119: SOUTH 1 REGION | I119: PRB | J119: Port bouet | K119: PRBC | L119: CITÉ POLICIÈRE | M119: SDTP
A120: CI1 | B120: Cote d'Ivoire | C120: SOUTHDIV | D120: ABIDJAN | E120: SOUTH DIVISION | F120: SOUTH1 | G120: ABIDJAN 1 | H120: SOUTH 1 REGION | I120: PRB | J120: Port bouet | K120: PRBC | L120: CITÉ POLICIÈRE | M120: SDHPA
A121: CI1 | B121: Cote d'Ivoire | C121: SOUTHDIV | D121: ABIDJAN | E121: SOUTH DIVISION | F121: SOUTH1 | G121: ABIDJAN 1 | H121: SOUTH 1 REGION | I121: PRB | J121: Port bouet | K121: PRBC | L121: PETIT BASSAM | M121: SDTP
A122: CI1 | B122: Cote d'Ivoire | C122: SOUTHDIV | D122: ABIDJAN | E122: SOUTH DIVISION | F122: SOUTH1 | G122: ABIDJAN 1 | H122: SOUTH 1 REGION | I122: PRB | J122: Port bouet | K122: PRBC | L122: PETIT BASSAM | M122: SDHPA
A123: CI1 | B123: Cote d'Ivoire | C123: SOUTHDIV | D123: ABIDJAN | E123: SOUTH DIVISION | F123: SOUTH1 | G123: ABIDJAN 1 | H123: SOUTH 1 REGION | I123: PRB | J123: Port bouet | K123: PRBC | L123: VRIDI | M123: SDTP
A124: CI1 | B124: Cote d'Ivoire | C124: SOUTHDIV | D124: ABIDJAN | E124: SOUTH DIVISION | F124: SOUTH1 | G124: ABIDJAN 1 | H124: SOUTH 1 REGION | I124: PRB | J124: Port bouet | K124: PRBC | L124: VRIDI | M124: SDHPA
A125: CI1 | B125: Cote d'Ivoire | C125: SOUTHDIV | D125: ABIDJAN | E125: SOUTH DIVISION | F125: SOUTH1 | G125: ABIDJAN 1 | H125: SOUTH 1 REGION | I125: PRB | J125: Port bouet | K125: AERO | L125: AÉROPORT | M125: SDTP
A126: CI1 | B126: Cote d'Ivoire | C126: SOUTHDIV | D126: ABIDJAN | E126: SOUTH DIVISION | F126: SOUTH1 | G126: ABIDJAN 1 | H126: SOUTH 1 REGION | I126: PRB | J126: Port bouet | K126: AERO | L126: AÉROPORT | M126: SDHPA
A127: CI1 | B127: Cote d'Ivoire | C127: SOUTHDIV | D127: ABIDJAN | E127: SOUTH DIVISION | F127: SOUTH1 | G127: ABIDJAN 1 | H127: SOUTH 1 REGION | I127: PRB | J127: Port bouet | K127: AERO | L127: ADJAWUI | M127: SDTP
A128: CI1 | B128: Cote d'Ivoire | C128: SOUTHDIV | D128: ABIDJAN | E128: SOUTH DIVISION | F128: SOUTH1 | G128: ABIDJAN 1 | H128: SOUTH 1 REGION | I128: PRB | J128: Port bouet | K128: AERO | L128: ADJAWUI | M128: SDHPA
... A140: CI1 | B140: Cote d'Ivoire | C140: SOUTHDIV | D140: ABIDJAN | E140: SOUTH DIVISION | F140: SOUTH1 | G140: ABIDJAN 1 | H140: SOUTH 1 REGION | I140: PRB | J140: Port bouet | K140: PRBO | L140: PORT BOUET | M140: SDHPA
A141: CI1 | B141: Cote d'Ivoire | C141: SOUTHDIV | D141: ABIDJAN | E141: SOUTH DIVISION | F141: SOUTH1 | G141: ABIDJAN 1 | H141: SOUTH 1 REGION | I141: BAS | J141: Bassam | K141: MOKE | L141: MOCKEYVILLE | M141: =IFERROR(VLOOKUP(J141,'Mapping '!$A:$B,2,FALSE()),"NON ATTRIBUE") -> OMNI RETAIL
A142: CI1 | B142: Cote d'Ivoire | C142: SOUTHDIV | D142: ABIDJAN | E142: SOUTH DIVISION | F142: SOUTH1 | G142: ABIDJAN 1 | H142: SOUTH 1 REGION | I142: BAS | J142: Bassam | K142: MOKE | L142: UNIVERSITÉ AMÉRICAINE | M142: =IFERROR(VLOOKUP(J142,'Mapping '!$A:$B,2,FALSE()),"NON ATTRIBUE") -> OMNI RETAIL
A143: CI1 | B143: Cote d'Ivoire | C143: SOUTHDIV | D143: ABIDJAN | E143: SOUTH DIVISION | F143: SOUTH1 | G143: ABIDJAN 1 | H143: SOUTH 1 REGION | I143: BAS | J143: Bassam | K143: MOKE | L143: EDOUKOU MIEZAN | M143: =IFERROR(VLOOKUP(J143,'Mapping '!$A:$B,2,FALSE()),"NON ATTRIBUE") -> OMNI RETAIL
A144: CI1 | B144: Cote d'Ivoire | C144: SOUTHDIV | D144: ABIDJAN | E144: SOUTH DIVISION | F144: SOUTH1 | G144: ABIDJAN 1 | H144: SOUTH 1 REGION | I144: BAS | J144: Bassam | K144: MOKE | L144: QUARTIER ARTISANAL | M144: =IFERROR(VLOOKUP(J144,'Mapping '!$A:$B,2,FALSE()),"NON ATTRIBUE") -> OMNI RETAIL
A145: CI1 | B145: Cote d'Ivoire | C145: SOUTHDIV | D145: ABIDJAN | E145: SOUTH DIVISION | F145: SOUTH1 | G145: ABIDJAN 1 | H145: SOUTH 1 REGION | I145: BAS | J145: Bassam | K145: MOKE | L145: MODESTE | M145: =IFERROR(VLOOKUP(J145,'Mapping '!$A:$B,2,FALSE()),"NON ATTRIBUE") -> OMNI RETAIL
A146: CI1 | B146: Cote d'Ivoire | C146: SOUTHDIV | D146: ABIDJAN | E146: SOUTH DIVISION | F146: SOUTH1 | G146: ABIDJAN 1 | H146: SOUTH 1 REGION | I146: BAS | J146: Bassam | K146: MOKE | L146: ANANI | M146: =IFERROR(VLOOKUP(J146,'Mapping '!$A:$B,2,FALSE()),"NON ATTRIBUE") -> OMNI RETAIL
A147: CI1 | B147: Cote d'Ivoire | C147: SOUTHDIV | D147: ABIDJAN | E147: SOUTH DIVISION | F147: SOUTH1 | G147: ABIDJAN 1 | H147: SOUTH 1 REGION | I147: BAS | J147: Bassam | K147: MOKE | L147: MOOSOU 1 | M147: =IFERROR(VLOOKUP(J147,'Mapping '!$A:$B,2,FALSE()),"NON ATTRIBUE") -> OMNI RETAIL
A148: CI1 | B148: Cote d'Ivoire | C148: SOUTHDIV | D148: ABIDJAN | E148: SOUTH DIVISION | F148: SOUTH1 | G148: ABIDJAN 1 | H148: SOUTH 1 REGION | I148: BAS | J148: Bassam | K148: VETO | L148: VETOCO | M148: =IFERROR(VLOOKUP(J148,'Mapping '!$A:$B,2,FALSE()),"NON ATTRIBUE") -> OMNI RETAIL
A149: CI1 | B149: Cote d'Ivoire | C149: SOUTHDIV | D149: ABIDJAN | E149: SOUTH DIVISION | F149: SOUTH1 | G149: ABIDJAN 1 | H149: SOUTH 1 REGION | I149: BAS | J149: Bassam | K149: VETO | L149: MOOSOU2 | M149: =IFERROR(VLOOKUP(J149,'Mapping '!$A:$B,2,FALSE()),"NON ATTRIBUE") -> OMNI RETAIL
A150: CI1 | B150: Cote d'Ivoire | C150: SOUTHDIV | D150: ABIDJAN | E150: SOUTH DIVISION | F150: SOUTH1 | G150: ABIDJAN 1 | H150: SOUTH 1 REGION | I150: BAS | J150: Bassam | K150: VETO | L150: IMPERIAL | M150: =IFERROR(VLOOKUP(J150,'Mapping '!$A:$B,2,FALSE()),"NON ATTRIBUE") -> OMNI RETAIL
A151: CI1 | B151: Cote d'Ivoire | C151: SOUTHDIV | D151: ABIDJAN | E151: SOUTH DIVISION | F151: SOUTH1 | G151: ABIDJAN 1 | H151: SOUTH 1 REGION | I151: BAS | J151: Bassam | K151: VETO | L151: DOS | M151: =IFERROR(VLOOKUP(J151,'Mapping '!$A:$B,2,FALSE()),"NON ATTRIBUE") -> OMNI RETAIL
A152: CI1 | B152: Cote d'Ivoire | C152: SOUTHDIV | D152: ABIDJAN | E152: SOUTH DIVISION | F152: SOUTH1 | G152: ABIDJAN 1 | H152: SOUTH 1 REGION | I152: BAS | J152: Bassam | K152: VETO | L152: QUARTIER FRANCE | M152: =IFERROR(VLOOKUP(J152,'Mapping '!$A:$B,2,FALSE()),"NON ATTRIBUE") -> OMNI RETAIL
... A839: CI1 | B839: Cote d'Ivoire | C839: NORTHDIV | D839: UP COUNTRY | E839: NORTH DIVISION | F839: CNE | G839: NORTH 1 | H839: CENTRE-NORD -EST REGION | I839: Boun | J839: Bouna | K839: BNGO | L839: AXE BOUNA- MANGO | M839: =IFERROR(VLOOKUP(J839,'Mapping '!$A:$B,2,FALSE()),"NON ATTRIBUE") -> ABDI MOHAMED

Sheet Mapping 
A1: TERRITOIRE | B1: DISTRIBUTEURS
A2: Abengourou | B2: RIZKALLAH MICHEL
A3: Abobo 1 | B3: ETABLISSEMENT NIARE & FRERES
A4: Abobo 2 | B4: A POURVOIR
A5: Aboisso | B5: NICE SERVICE
A6: Adjame | B6: BOUSSOURA SARL
A7: Adzope | B7: A POURVOIR
A8: Agboville | B8: A POURVOIR
A9: Anyama | B9: A POURVOIR
A10: Bassam | B10: OMNI RETAIL
A11: Bingerville | B11: DYNAMIS
A12: Bondoukou | B12: TAHIROU
... A55: Tous les territoires | B55: Societe des 2 Plateaux - S.2.P
